{
  "name": "PancakeSwap Default List",
  "selected": false,
  "timestamp": "2021-03-17T09:56:23Z",
  "version": {
    "major": 2,
    "minor": 0,
    "patch": 1
  },
  "tags": {},
  "logoURI": "https://exchange.pancakeswap.finance/images/pancakeswap.png",
  "keywords": ["pancake", "default"],
  "tokens": [
    {
      "name": "BNB",
      "selected": true,
      "symbol": "BNB",
      "address": "0xbb4CdB9CBd36B01bD1cBaEBF2De08d9173bc095c",
      "decimals": 18,
      "logoURI": "https://tokens.1inch.io/0xbb4cdb9cbd36b01bd1cbaebf2de08d9173bc095c.png"
    },
    {
      "address": "0xCa3F508B8e4Dd382eE878A314789373D80A5190A",
      "chainId": 56,
      "selected": false,
      "name": "beefy.finance",
      "symbol": "BIFI",
      "decimals": 18,
      "logoURI": "https://raw.githubusercontent.com/complusnetwork/default-token-list/master/src/bsc/0xCa3F508B8e4Dd382eE878A314789373D80A5190A/logo.png"
    },
    {
      "address": "0x2170Ed0880ac9A755fd29B2688956BD959F933F8",
      "chainId": 56,
      "selected": false,
      "name": "Ethereum Token",
      "symbol": "ETH",
      "decimals": 18,
      "logoURI": "https://raw.githubusercontent.com/complusnetwork/default-token-list/master/src/bsc/0x2170Ed0880ac9A755fd29B2688956BD959F933F8/logo.png"
    },
    {
      "address": "0x1D2F0da169ceB9fC7B3144628dB156f3F6c60dBE",
      "chainId": 56,
      "selected": false,
      "name": "XRP Token",
      "symbol": "XRP",
      "decimals": 18,
      "logoURI": "https://raw.githubusercontent.com/complusnetwork/default-token-list/master/src/bsc/0x1D2F0da169ceB9fC7B3144628dB156f3F6c60dBE/logo.png"
    },
    {
      "address": "0x1CE0c2827e2eF14D5C4f29a091d735A204794041",
      "chainId": 56,
      "selected": false,
      "name": "Binance Pegged AVAX",
      "symbol": "AVAXb",
      "decimals": 18,
      "logoURI": "https://raw.githubusercontent.com/complusnetwork/default-token-list/master/src/bsc/0x1CE0c2827e2eF14D5C4f29a091d735A204794041/logo.png"
    },
    {
      "address": "0x55d398326f99059fF775485246999027B3197955",
      "chainId": 56,
      "selected": false,
      "name": "Tether USD",
      "symbol": "USDT",
      "decimals": 18,
      "logoURI": "https://raw.githubusercontent.com/complusnetwork/default-token-list/master/src/bsc/0x55d398326f99059fF775485246999027B3197955/logo.png"
    },
    {
      "address": "0x4338665CBB7B2485A8855A139b75D5e34AB0DB94",
      "chainId": 56,
      "selected": false,
      "name": "Litecoin Token",
      "symbol": "LTC",
      "decimals": 18,
      "logoURI": "https://raw.githubusercontent.com/complusnetwork/default-token-list/master/src/bsc/0x4338665CBB7B2485A8855A139b75D5e34AB0DB94/logo.png"
    },
    {
      "address": "0x8fF795a6F4D97E7887C79beA79aba5cc76444aDf",
      "chainId": 56,
      "selected": false,
      "name": "Bitcoin Cash Token",
      "symbol": "BCH",
      "decimals": 18,
      "logoURI": "https://raw.githubusercontent.com/complusnetwork/default-token-list/master/src/bsc/0x8fF795a6F4D97E7887C79beA79aba5cc76444aDf/logo.png"
    },
    {
      "address": "0xF8A0BF9cF54Bb92F17374d9e9A321E6a111a51bD",
      "chainId": 56,
      "selected": false,
      "name": "ChainLink Token",
      "symbol": "LINK",
      "decimals": 18,
      "logoURI": "https://raw.githubusercontent.com/complusnetwork/default-token-list/master/src/bsc/0xF8A0BF9cF54Bb92F17374d9e9A321E6a111a51bD/logo.png"
    },
    {
      "address": "0xbb4CdB9CBd36B01bD1cBaEBF2De08d9173bc095c",
      "chainId": 56,
      "selected": false,
      "name": "Wrapped Binance",
      "symbol": "WBNB",
      "decimals": 18,
      "logoURI": "https://raw.githubusercontent.com/complusnetwork/default-token-list/master/src/bsc/0xbb4CdB9CBd36B01bD1cBaEBF2De08d9173bc095c/logo.png"
    },
    {
      "address": "0x3EE2200Efb3400fAbB9AacF31297cBdD1d435D47",
      "chainId": 56,
      "selected": false,
      "name": "Cardano Token",
      "symbol": "ADA",
      "decimals": 18,
      "logoURI": "https://raw.githubusercontent.com/complusnetwork/default-token-list/master/src/bsc/0x3EE2200Efb3400fAbB9AacF31297cBdD1d435D47/logo.png"
    },
    {
      "address": "0x7083609fCE4d1d8Dc0C979AAb8c869Ea2C873402",
      "chainId": 56,
      "selected": false,
      "name": "Polkadot Token",
      "symbol": "DOT",
      "decimals": 18,
      "logoURI": "https://raw.githubusercontent.com/complusnetwork/default-token-list/master/src/bsc/0x7083609fCE4d1d8Dc0C979AAb8c869Ea2C873402/logo.png"
    },
    {
      "address": "0x8AC76a51cc950d9822D68b83fE1Ad97B32Cd580d",
      "chainId": 56,
      "selected": false,
      "name": "USD Coin",
      "symbol": "USDC",
      "decimals": 18,
      "logoURI": "https://raw.githubusercontent.com/complusnetwork/default-token-list/master/src/bsc/0x8AC76a51cc950d9822D68b83fE1Ad97B32Cd580d/logo.png"
    },
    {
      "address": "0x56b6fB708fC5732DEC1Afc8D8556423A2EDcCbD6",
      "chainId": 56,
      "selected": false,
      "name": "EOS Token",
      "symbol": "EOS",
      "decimals": 18,
      "logoURI": "https://raw.githubusercontent.com/complusnetwork/default-token-list/master/src/bsc/0x56b6fB708fC5732DEC1Afc8D8556423A2EDcCbD6/logo.png"
    },
    {
      "address": "0x0Eb3a705fc54725037CC9e008bDede697f62F335",
      "chainId": 56,
      "selected": false,
      "name": "Cosmos Token",
      "symbol": "ATOM",
      "decimals": 18,
      "logoURI": "https://raw.githubusercontent.com/complusnetwork/default-token-list/master/src/bsc/0x0Eb3a705fc54725037CC9e008bDede697f62F335/logo.png"
    },
    {
      "address": "0x16939ef78684453bfDFb47825F8a5F714f12623a",
      "chainId": 56,
      "selected": false,
      "name": "Tezos Token",
      "symbol": "XTZ",
      "decimals": 18,
      "logoURI": "https://raw.githubusercontent.com/complusnetwork/default-token-list/master/src/bsc/0x16939ef78684453bfDFb47825F8a5F714f12623a/logo.png"
    },
    {
      "address": "0x1AF3F329e8BE154074D8769D1FFa4eE058B1DBc3",
      "chainId": 56,
      "selected": false,
      "name": "Dai Token",
      "symbol": "DAI",
      "decimals": 18,
      "logoURI": "https://raw.githubusercontent.com/complusnetwork/default-token-list/master/src/bsc/0x1AF3F329e8BE154074D8769D1FFa4eE058B1DBc3/logo.png"
    },
    {
      "address": "0xBf5140A22578168FD562DCcF235E5D43A02ce9B1",
      "chainId": 56,
      "selected": false,
      "name": "Uniswap",
      "symbol": "UNI",
      "decimals": 18,
      "logoURI": "https://raw.githubusercontent.com/complusnetwork/default-token-list/master/src/bsc/0xBf5140A22578168FD562DCcF235E5D43A02ce9B1/logo.png"
    },
    {
      "address": "0x9Ac983826058b8a9C7Aa1C9171441191232E8404",
      "chainId": 56,
      "selected": false,
      "name": "Synthetix Network Token",
      "symbol": "SNX",
      "decimals": 18,
      "logoURI": "https://raw.githubusercontent.com/complusnetwork/default-token-list/master/src/bsc/0x9Ac983826058b8a9C7Aa1C9171441191232E8404/logo.png"
    },
    {
      "address": "0xe9e7CEA3DedcA5984780Bafc599bD69ADd087D56",
      "chainId": 56,
      "selected": false,
      "name": "BUSD Token",
      "symbol": "BUSD",
      "decimals": 18,
      "logoURI": "https://raw.githubusercontent.com/complusnetwork/default-token-list/master/src/bsc/0xe9e7CEA3DedcA5984780Bafc599bD69ADd087D56/logo.png"
    },
    {
      "address": "0x88f1A5ae2A3BF98AEAF342D26B30a79438c9142e",
      "chainId": 56,
      "selected": false,
      "name": "yearn.finance",
      "symbol": "YFI",
      "decimals": 18,
      "logoURI": "https://raw.githubusercontent.com/complusnetwork/default-token-list/master/src/bsc/0x88f1A5ae2A3BF98AEAF342D26B30a79438c9142e/logo.png"
    },
    {
      "address": "0x1Ba42e5193dfA8B03D15dd1B86a3113bbBEF8Eeb",
      "chainId": 56,
      "selected": false,
      "name": "Zcash Token",
      "symbol": "ZEC",
      "decimals": 18,
      "logoURI": "https://raw.githubusercontent.com/complusnetwork/default-token-list/master/src/bsc/0x1Ba42e5193dfA8B03D15dd1B86a3113bbBEF8Eeb/logo.png"
    },
    {
      "address": "0x3d6545b08693daE087E957cb1180ee38B9e3c25E",
      "chainId": 56,
      "selected": false,
      "name": "Ethereum Classic",
      "symbol": "ETC",
      "decimals": 18,
      "logoURI": "https://raw.githubusercontent.com/complusnetwork/default-token-list/master/src/bsc/0x3d6545b08693daE087E957cb1180ee38B9e3c25E/logo.png"
    },
    {
      "address": "0x52CE071Bd9b1C4B00A0b92D298c512478CaD67e8",
      "chainId": 56,
      "selected": false,
      "name": "Compound Coin",
      "symbol": "COMP",
      "decimals": 18,
      "logoURI": "https://raw.githubusercontent.com/complusnetwork/default-token-list/master/src/bsc/0x52CE071Bd9b1C4B00A0b92D298c512478CaD67e8/logo.png"
    },
    {
      "address": "0x5f0Da599BB2ccCfcf6Fdfd7D81743B6020864350",
      "chainId": 56,
      "selected": false,
      "name": "Maker",
      "symbol": "MKR",
      "decimals": 18,
      "logoURI": "https://raw.githubusercontent.com/complusnetwork/default-token-list/master/src/bsc/0x5f0Da599BB2ccCfcf6Fdfd7D81743B6020864350/logo.png"
    },
    {
      "address": "0xFd7B3A77848f1C2D67E05E54d78d174a0C850335",
      "chainId": 56,
      "selected": false,
      "name": "Ontology Token",
      "symbol": "ONT",
      "decimals": 18,
      "logoURI": "https://raw.githubusercontent.com/complusnetwork/default-token-list/master/src/bsc/0xFd7B3A77848f1C2D67E05E54d78d174a0C850335/logo.png"
    },
    {
      "address": "0x101d82428437127bF1608F699CD651e6Abf9766E",
      "chainId": 56,
      "selected": false,
      "name": "Basic Attention Token",
      "symbol": "BAT",
      "decimals": 18,
      "logoURI": "https://raw.githubusercontent.com/complusnetwork/default-token-list/master/src/bsc/0x101d82428437127bF1608F699CD651e6Abf9766E/logo.png"
    },
    {
      "address": "0xD475c9c934DCD6d5f1cAC530585aa5ba14185b92",
      "chainId": 56,
      "selected": false,
      "name": "Bitcoin Cash ABC",
      "symbol": "BCHA",
      "decimals": 18,
      "logoURI": "https://raw.githubusercontent.com/complusnetwork/default-token-list/master/src/bsc/0xD475c9c934DCD6d5f1cAC530585aa5ba14185b92/logo.png"
    },
    {
      "address": "0xAD6cAEb32CD2c308980a548bD0Bc5AA4306c6c18",
      "chainId": 56,
      "selected": false,
      "name": "Band Protocol Token",
      "symbol": "BAND",
      "decimals": 18,
      "logoURI": "https://raw.githubusercontent.com/complusnetwork/default-token-list/master/src/bsc/0xAD6cAEb32CD2c308980a548bD0Bc5AA4306c6c18/logo.png"
    },
    {
      "address": "0x7130d2A12B9BCbFAe4f2634d864A1Ee1Ce3Ead9c",
      "chainId": 56,
      "selected": false,
      "name": "BTC Token",
      "symbol": "BTC",
      "decimals": 18,
      "logoURI": "https://raw.githubusercontent.com/complusnetwork/default-token-list/master/src/bsc/0x7130d2A12B9BCbFAe4f2634d864A1Ee1Ce3Ead9c/logo.png"
    },
    {
      "address": "0x7950865a9140cB519342433146Ed5b40c6F210f7",
      "chainId": 56,
      "selected": false,
      "name": "PAX Gold",
      "symbol": "PAXG",
      "decimals": 18,
      "logoURI": "https://raw.githubusercontent.com/complusnetwork/default-token-list/master/src/bsc/0x7950865a9140cB519342433146Ed5b40c6F210f7/logo.png"
    },
    {
      "address": "0xf307910A4c7bbc79691fD374889b36d8531B08e3",
      "chainId": 56,
      "selected": false,
      "name": "Ankr",
      "symbol": "ANKR",
      "decimals": 18,
      "logoURI": "https://raw.githubusercontent.com/complusnetwork/default-token-list/master/src/bsc/0xf307910A4c7bbc79691fD374889b36d8531B08e3/logo.png"
    },
    {
      "address": "0x7F70642d88cf1C4a3a7abb072B53B929b653edA5",
      "chainId": 56,
      "selected": false,
      "name": "YFII.finance Token",
      "symbol": "YFII",
      "decimals": 18,
      "logoURI": "https://raw.githubusercontent.com/complusnetwork/default-token-list/master/src/bsc/0x7F70642d88cf1C4a3a7abb072B53B929b653edA5/logo.png"
    },
    {
      "address": "0x0E09FaBB73Bd3Ade0a17ECC321fD13a19e81cE82",
      "chainId": 56,
      "selected": false,
      "name": "PancakeSwap Token",
      "symbol": "Cake",
      "decimals": 18,
      "logoURI": "https://raw.githubusercontent.com/complusnetwork/default-token-list/master/src/bsc/0x0E09FaBB73Bd3Ade0a17ECC321fD13a19e81cE82/logo.png"
    },
    {
      "address": "0xd4CB328A82bDf5f03eB737f37Fa6B370aef3e888",
      "chainId": 56,
      "selected": false,
      "name": "Cream",
      "symbol": "CREAM",
      "decimals": 18,
      "logoURI": "https://raw.githubusercontent.com/complusnetwork/default-token-list/master/src/bsc/0xd4CB328A82bDf5f03eB737f37Fa6B370aef3e888/logo.png"
    },
    {
      "address": "0xaF53d56ff99f1322515E54FdDE93FF8b3b7DAFd5",
      "chainId": 56,
      "selected": false,
      "name": "Prometeus",
      "symbol": "PROM",
      "decimals": 18,
      "logoURI": "https://raw.githubusercontent.com/complusnetwork/default-token-list/master/src/bsc/0xaF53d56ff99f1322515E54FdDE93FF8b3b7DAFd5/logo.png"
    },
    {
      "address": "0xE4Ae305ebE1AbE663f261Bc00534067C80ad677C",
      "chainId": 56,
      "selected": false,
      "name": "SPARTAN PROTOCOL TOKEN",
      "symbol": "SPARTA",
      "decimals": 18,
      "logoURI": "https://raw.githubusercontent.com/complusnetwork/default-token-list/master/src/bsc/0xE4Ae305ebE1AbE663f261Bc00534067C80ad677C/logo.png"
    },
    {
      "address": "0x007EA5C0Ea75a8DF45D288a4debdD5bb633F9e56",
      "chainId": 56,
      "selected": false,
      "name": "CanYaCoin",
      "symbol": "CAN",
      "decimals": 18,
      "logoURI": "https://raw.githubusercontent.com/complusnetwork/default-token-list/master/src/bsc/0x007EA5C0Ea75a8DF45D288a4debdD5bb633F9e56/logo.png"
    },
    {
      "address": "0xE02dF9e3e622DeBdD69fb838bB799E3F168902c5",
      "chainId": 56,
      "selected": false,
      "name": "BakeryToken",
      "symbol": "BAKE",
      "decimals": 18,
      "logoURI": "https://raw.githubusercontent.com/complusnetwork/default-token-list/master/src/bsc/0xE02dF9e3e622DeBdD69fb838bB799E3F168902c5/logo.png"
    },
    {
      "address": "0x90DF11a8ccE420675e73922419e3f4f3Fe13CCCb",
      "chainId": 56,
      "selected": false,
      "name": "Streamity",
      "symbol": "STM",
      "decimals": 18,
      "logoURI": "https://raw.githubusercontent.com/complusnetwork/default-token-list/master/src/bsc/0x90DF11a8ccE420675e73922419e3f4f3Fe13CCCb/logo.png"
    },
    {
      "address": "0xAe9269f27437f0fcBC232d39Ec814844a51d6b8f",
      "chainId": 56,
      "selected": false,
      "name": "Burger Swap",
      "symbol": "BURGER",
      "decimals": 18,
      "logoURI": "https://raw.githubusercontent.com/complusnetwork/default-token-list/master/src/bsc/0xAe9269f27437f0fcBC232d39Ec814844a51d6b8f/logo.png"
    },
    {
      "address": "0x0cC7CBC1609D2B6fD6D33048b9B4aDe8CF9dDe47",
      "chainId": 56,
      "selected": false,
      "name": "ARGENT",
      "symbol": "XAG",
      "decimals": 18,
      "logoURI": "https://raw.githubusercontent.com/complusnetwork/default-token-list/master/src/bsc/0x0cC7CBC1609D2B6fD6D33048b9B4aDe8CF9dDe47/logo.png"
    },
    {
      "address": "0x1758F8046Ad8D425560f44fD5E0E6beEA04762BA",
      "chainId": 56,
      "selected": false,
      "name": "CUPRUM",
      "symbol": "XCU",
      "decimals": 18,
      "logoURI": "https://raw.githubusercontent.com/complusnetwork/default-token-list/master/src/bsc/0x1758F8046Ad8D425560f44fD5E0E6beEA04762BA/logo.png"
    }
  ]
}
